"","Estimate","Std.err.","t-ratio(0)","Rob.std.err.","Rob.t-ratio(0)"
"priceLogInc",-0.193542252915677,0.0267854459907553,-7.22564981678764,0.0266520439070005,-7.26181652675576
"b_cost",-0.0727894289269836,0.00733107593549896,-9.92888759677396,0.00751918773881816,-9.68049095930998
"b_range",0.00369935058367359,0.000187111472078057,19.7708378999355,0.000186669298505362,19.8176701433703
