"cost","logLike"
-0.0552,-8313.11003910666
-0.0552,-8313.11003910666
-0.0552,-8313.11003910666
-0.04854265536163,-8312.87178086554
-0.0501287562073213,-8312.84602248674
-0.0501263705390476,-8312.8460224285
