"","Estimate","Std.err.","t-ratio(0)","Rob.std.err.","Rob.t-ratio(0)"
"cost",-0.0501263705390476,0.0069787303027016,-7.18273501981338,0.00707887052942254,-7.08112548897495
